{
  "system_info": {
    "platform": "Linux",
    "platform_version": "#76-Ubuntu SMP Fri Mar 17 17:19:29 UTC 2023",
    "processor": "x86_64",
    "python_version": "3.10.12 (main, Mar  3 2026, 11:56:32) [GCC 11.4.0]",
    "cpu_count": 8
  },
  "cpu_pi": 0.2552800178527832,
  "cpu_sieve": 0.00939321517944336,
  "cpu_fibonacci": 0.317425012588501,
  "cpu_matrix": -1,
  "memory_copy": 5.643949508666992,
  "file_write": 0.016488075256347656,
  "file_read": 0.008127689361572266,
  "sha256": 0.2919337749481201,
  "sort": 0.020940542221069336
}